{"rmse": 8360.280122985656, "mae": 6374.1451918698285, "r2": 0.5351941307729089}